timestamp,bv_id,title,fav_name
2025-11-02T15-25-56,BV1gqWrzkEA7,黄执中封神辩论：独立女性的真正敌人，不是彩礼，也不是男人,旧2
2025-11-02T15-25-56,BV1cHsJzTEMy,好好珍惜那个爱你的人！ #防火防盗防闺蜜 #爱情 #剧情,旧2
2025-11-02T15-25-56,BV1sEW4zbEut,严肃法庭现场：原告硬杠审判长，气氛紧张！,旧2
2025-11-02T15-25-56,BV1XG4JzFEQy,学校里的奶 专坑下一代？,旧2
2025-11-02T15-25-56,BV1L3WvzKEHg,我觉得这位女士挺聪明的,旧2
2025-11-02T15-25-56,BV1nrsEzeEuC,2023年的花终于送到了我手里……,旧2
2025-11-02T15-25-56,BV1rdsPzZE7P,你也别想好,旧2
2025-11-02T15-25-56,BV1iYWszgEPA,有个情绪稳定的伴侣有多重要,旧2
2025-11-02T15-25-56,BV1n4sdzzEhP,今日交通快报,旧2
2025-11-02T15-25-56,BV1hXTxztEzW,旅游记录时刻，超人酱带你捡漏大疆pocket3,旧2
2025-11-02T15-25-56,BV172HuzbEbm,本来知名度不高，这下好了，全国都知道了#离谱#万万没想到#热点#旅游,旧2
2025-11-02T15-25-56,BV1KYWqzfE7o,确实一个字都没泄露，但是演示的淋漓尽致，全世界的人都看懂了。,旧2
2025-11-02T15-25-56,BV1Zv4LzZErv,你淋雨生病了没关系，但跨区出租车就是不能坐,旧2
2025-11-02T15-25-56,BV1wTHKzbED5,对不起，我不该把车开到你家的客厅里！,旧2
2025-11-02T15-25-56,BV1Hr1hYLELE,闪闪的儿科医生3,旧2
2025-11-02T15-25-56,BV1ZzW9zZEv3,又出大事件？会不会严打？,旧2
2025-11-02T15-25-56,BV11fsGzZEou,教训或者比传授更有作用,旧2
2025-11-02T15-25-56,BV1jaW1zaEje,有多少女的是这么做的这么想得？,旧2
2025-11-02T15-25-56,BV1PyWtz8EaC,“约架”,旧2
2025-11-02T15-25-56,BV1PwxQzPEC1,笑死不用剪一秒，谁说她拿了黄子韬的说明书哈哈！,旧2
2025-11-02T15-25-56,BV1cyWxzQE19,佛系大妈在线点化“骂人精”,旧2
2025-11-02T15-25-56,BV1BFxRzwEuc,希望单身的妹纸们也能找着这么一个能让你傻乐的老公,旧2
2025-11-02T15-25-56,BV15msqzVEcA,让演员无奈的道具！哈哈哈片场花絮真是太搞笑了 #拍戏现场  #搞笑  #看完不笑算我输,旧2
2025-11-02T15-25-56,BV1J4sHzrEtL,背刺无处不在,旧2
2025-11-02T15-25-56,BV1Ag4tzeEEc,老婆重要还是游戏重要，老公一句话幽默化解难题，网友：这样玩游戏太爽了吧,旧2
2025-11-02T15-25-56,BV14fsGzZEpk,被嗆「錢都不會數 這輩子就這樣了」 桃客司機心態炸裂衝下車痛扁學生 數兩遍都是18元！司機...氣被海扁...,旧2
2025-11-02T15-25-56,BV1doWxzkEc8,收买人心 真的这么简单吗？,旧2
2025-11-02T15-25-56,BV17rW9ztEUR,那些脾气暴躁的女生,旧2
2025-11-02T15-25-56,BV1yLnBzEE1c,没有感情，全是把柄,旧2
2025-11-02T15-25-56,BV14dsYznE8N,关于我专门收藏神经小动物这件事，笑不活了！,旧2
2025-11-02T15-25-56,BV1nxsHzGEmc,倒霉熊不是停播了吗？,旧2
2025-11-02T15-25-56,BV1Jynqz6EMz,这就是军师的威力,旧2
2025-11-02T15-25-56,BV1yHsvzHEWu,宝宝梦中一脚，大鼓清脆回应萌翻全场！,旧2
2025-11-02T15-25-56,BV1B1sXzfExz,音乐生教你如何＂钓＂到喜欢的crush／肖斯塔科维奇《第二圆舞曲》,旧2
2025-11-02T15-25-56,BV13RWyzoE1c,我未婚夫养了我和我妈9年，但是在结婚的前一天，我还是决定跟他分手,旧2
2025-11-02T15-25-56,BV1JeW7z4EWV,《 伪 人 》,旧2
2025-11-02T15-25-56,BV1QwsYz4ExC,浅聊。,旧2
2025-11-02T15-25-56,BV1GZW2zYEz6,兄弟姐妹手足情：这是一定要生第二胎的原因。这个孩子心里只有爱。哈哈哈哈哈把哥哥救走了，走时还回头看看老爹的反应笑死我了。,旧2
2025-11-02T15-25-56,BV1k1s3zmEDD,某知名大学宣布：全面禁漫,旧2
2025-11-02T15-25-56,BV1RyW9zsEfC,不同版本的USB有啥区别？价值千万的示波器测给你看,旧2
2025-11-02T15-25-56,BV1nUsRzvE75,我能怎么办,旧2
2025-11-02T15-25-56,BV1obsJzhE8K,年轻人：看演唱会哪有贴脸嗑CP香？吃瓜我们认真的！,旧2
2025-11-02T15-25-56,BV1P3s7zKE5c,私生子不得继承权，王冲真的没有说错,旧2
2025-11-02T15-25-56,BV1sasEz6EJ2,礼仪tv之山东回礼,旧2
2025-11-02T15-25-56,BV1QWspzaESJ,俄罗斯女孩花期都很短么？# 摄影 # 跨国恋 # ...,旧2
2025-11-02T15-25-56,BV1e742zrEXD,为什么煮饺子的时候要加盐呢 #吃饺子,旧2
2025-11-02T15-25-56,BV18WsazWEXk,山东的那些动词,旧2
2025-11-02T15-25-56,BV1RD4MzeEw6,危害全人类的犹太鬼子，最仇恨犹太鬼子的应该是我们！,旧2
2025-11-02T15-25-56,BV1jy46zfEhY,这个声音一出现就知道又有天才了,旧2
2025-11-02T15-25-56,BV1cU42znEUQ,为什么“你急了”杀伤力那么大,旧2
2025-11-02T15-25-56,BV1Nas8zgE36,当我知道球的面积推算,旧2
2025-11-02T15-25-56,BV1CjxAzbEkb,养护都说老桩好，植物老桩这样做,旧2
2025-11-02T15-25-56,BV1Nz4y1f716,妖怪名单 第二季,旧2
2025-11-02T15-25-56,BV12kWnzmEny,保研竟然这么黑暗，张雪峰说完简直震碎三观,旧2
2025-11-02T15-25-56,BV1Tq4xzMEg2,资本市场里的做空是什么意思？,旧2
2025-11-02T15-25-56,BV1uk4XzUEma,一些基本常识,旧2
2025-11-02T15-25-56,BV1qpWXzDE3u,怪不得之前老米打官司拼死也要护这群二创画师，原来太太们口中的绘画接龙，是龙标的龙啊,旧2
2025-11-02T15-25-56,BV1ZrsAzEEw2,对事不对人，是我25岁前犯的最大错误……,旧2
2025-11-02T15-25-56,BV1S8WzzBErv,赌√TV之逆转裁判，巧舟看完当场写出逆转裁判7,旧2
2025-11-02T15-25-56,BV1jksZzTEDi,用玉米当燃料助农六年，烤肉店却被恶意举报叫停！,旧2
2025-11-02T15-25-56,BV1qksqz1EvJ,谁做错了，却需要我们承担后果#亮亮丽君夫妇郑州买房 #一错到底,旧2
2025-11-02T15-25-56,BV1j3xPzQE24,做题曲一嗷嚎，牛魔王就想笑,旧2
2025-11-02T15-25-56,BV1vJsozAEqr,bro不相信男性平均寿命低于女性，所以他们对自己使用了集束炸弹,旧2
2025-11-02T15-25-56,BV1cTs3zyEUz,这场婚礼，摄影师比新郎还紧张,旧2
2025-11-02T15-25-56,BV1pJsJzBEXQ,"女子65页PPT举报空警丈夫，偷拿飞机上小零食、红酒等物资堆放家中，丈夫被诫勉谈话,妻子认为该处理方式较轻,多方回应",旧2
2025-11-02T15-25-56,BV1QAW4zBExY,《一个班级能有两种班长，真的挺酷的！》,旧2
2025-11-02T15-25-56,BV1kbsqzsEYD,微波炉做点解馋小吃，哄小孩儿～用春卷皮做脆香米饼简单好吃，值得一试,旧2
2025-11-02T15-25-56,BV1p34TzVEPu,公  共  玩  具,旧2
2025-11-02T15-25-56,BV12fsdzmE8X,西格玛男人-论极限反应,旧2
2025-11-02T15-25-56,BV1LTxwz2EMN,玉米杆上绑钢筋，地里又埋菜刀，男子收割玉米遭人恶意使坏,旧2
2025-11-02T15-25-56,BV1GDWkzQEWc,男子强行右转，导致两夫妻当场身亡#交通事故#惊险一幕#车祸瞬间#,旧2
2025-11-02T15-25-56,BV1UhspzoE8j,再问两句，都能坐老师怀里了,旧2
2025-11-02T15-25-56,BV1M64DzGEMu,夫妻之间沟通习惯性反问有多伤人,旧2
2025-11-02T15-25-56,BV1VyHAziEaj,你愚蠢的大学生向你发送了一封请假申请,旧2
2025-11-02T15-25-56,BV1UgxNz3EPh,双方“岳父”都看不上对方儿子……,旧2
2025-11-02T15-25-56,BV1tGsgzHEqY,上班族 兔子,旧2
2025-11-02T15-25-56,BV1NoxDzqE4Z,告诉你我的朋友，请和我一起鹅鹅鹅鹅鹅,旧2
2025-11-02T15-25-56,BV1AfWez5EGQ,被做局了…,旧2
2025-11-02T15-25-56,BV1DCxNzUESS,河南话的“嘞” 是真顶不住！大妈本想辟谣 一张嘴却成了经典 网友：这回是真破防了,旧2
2025-11-02T15-25-56,BV1nSspzyEWZ,军营中的爆笑名场面：班长与新同志的跨频对话，班长到底问题出在哪了,旧2
2025-11-02T15-25-56,BV1xKWCzrEdF,留子给国外的心理医生一些小小的震撼,旧2
2025-11-02T15-25-56,BV1xXshzyExV,已失效视频,旧2
2025-11-02T15-25-56,BV14SWpzDExx,你见过哪些用魔法打败魔法的事？,旧2
2025-11-02T15-25-56,BV1JRsozgEXU,爸爸家的亲戚更亲 还是妈妈家的亲戚更亲,旧2
2025-11-02T15-25-56,BV1PwHLz9ECd,外卖员被恶意投诉，上门宣泄不满，情绪失控！,旧2
2025-11-02T15-25-56,BV1JCsEzAExa,夫妻俩拍违章，一晚上收获五千,旧2
2025-11-02T15-25-56,BV1pwWxznEBr,字都认不完的她声音竟然是妈妈级别,旧2
2025-11-02T15-25-56,BV1fZsiz1E5o,经历越多，想法就越多，人就越复杂,旧2
2025-11-02T15-25-56,BV1HRWRzqEQv,曾经被嘲笑讽刺的缺点在世界的另一面闪闪发光 真好...,旧2
2025-11-02T15-25-56,BV16tW4zHEHb,请给我颁发诺贝尔和平奖,旧2
2025-11-02T15-25-56,BV1PastzaE6j,女子开车在珠海遇上波浪路 每走一下车辆底盘都被剐蹭！#波浪路 #剐蹭,旧2
2025-11-02T15-25-56,BV16WxqzQEaH,吴艳妮高翻90kg竟然也被喷？,旧2
2025-11-02T15-25-56,BV1KPEkzxEV1,记住“检警异地协作信息共享机制”专治诬告强奸,旧2
2025-11-02T15-25-56,BV1ZU4yzrEJZ,看了缓存还举报的那些又当又立小可爱们，UP这首歌送给你们。🙂,旧2
2025-11-02T15-25-56,BV1ovsHzNEx3,卧槽！VOGUE女明星子弹时间是用60台苹果手机拍的！怪不得杨幂不拍有华为代言哈哈哈,旧2
2025-11-02T15-25-56,BV14zxhz7EmT,伊朗家庭 怎么用 五种语言 吵架？,旧2
2025-11-02T15-25-56,BV1nuxQzbEWJ,“说透房贷的那一刻，艺术已成！”,旧2
2025-11-02T15-25-56,BV1wQsmznETD,封面这样就够了因为青春本就是模糊的,旧2
2025-11-02T15-25-56,BV1LaskzZEwN,浙江某地偷甘蔗体验区爆火，网友还给老板支招丰富项目体验感,旧2
2025-11-02T15-25-56,BV1GVszz5EXh,#村GT #晴隆 这感觉真的意犹未尽…#固定支架拍摄 #夜景很美,旧2
2025-11-02T15-25-56,BV1UDGCznEDS,模拟示波器的极炫表演，本作品斩获Revision 2025大赛Wild单元冠军及观众最喜爱奖,旧2
2025-11-02T15-25-56,BV13jGQz2Emv,自制示波器app播放《Primer》，该示波器音乐曾获得Reuision2025大赛UWid单元冠军及观众最喜爱奖,旧2
2025-11-02T15-25-56,BV19RszzLEiP,《下一个台风》女拳电影如何得罪两边群体,旧2
2025-11-02T15-25-56,BV1PB4yzJEM3,比电视剧还好看，笑死个人大姨妈3年来一回又给笑憋回去了[笑哭][笑哭],旧2
2025-11-02T15-25-56,BV1XKySBqEVZ,一个开源项目，帮我挡下了所有网站攻击！SafeLine开源防火墙实战部署,旧2
2025-11-02T15-25-56,BV1eZWqzrEpc,给媳妇做个包裹感茶几，她说特有安全感,旧2
2025-11-02T15-25-56,BV1tfybBrEEi,《硬件扫盲12》DMA作弊者骗保，甜菜!!!,旧2
2025-11-02T15-25-56,BV1U7ybBzE5P,《厌蠢症》,旧2
2025-11-02T15-25-56,BV1aGyhBDEdM,校长信箱,旧2
