timestamp,stage,action,notes
2025-11-02T19:54:48+08:00,任务前置准备,进入环节,"创建任务输出目录并准备任务分析"
2025-11-02T19:55:26+08:00,任务前置准备,指引研读,"已阅读全文档与历史任务optimized-task.md，确认流程要求"
2025-11-02T19:57:11+08:00,任务前置准备,待定项整理,"完成待定项分析并写入undetermined.md，按指示自行裁决"
2025-11-02T19:58:06+08:00,任务前置准备,任务描述优化,"输出优化后的任务描述，明确交付物与验证标准"
2025-11-02T19:58:35+08:00,流程设计,进入环节,"开始流程设计与执行方案细化"
2025-11-02T19:59:55+08:00,流程设计,方案推演,"调用Sequential-Thinking梳理crate架构、模块职责与执行顺序"
2025-11-02T20:00:44+08:00,流程设计,文档输出,"完成flow-design.md，明确模块、里程碑与风险"
2025-11-02T20:07:31+08:00,流程设计,流程图生成,"编写PlantUML并生成rust_fav_export、rust_helper_main、rust_helper_config PNG"
2025-11-02T20:08:16+08:00,任务主体流程循环,进入环节,"开始依据设计实现Rust工作区与核心模块"
2025-11-02T20:15:54+08:00,任务主体流程循环,基础搭建,"创建Cargo workspace与favlist_core骨架，迁移收藏夹导出核心逻辑"
2025-11-02T20:48:09+08:00,任务主体流程循环,核心验证,"完成favlist_core单元测试与mock集成测试，确认导出逻辑正确"
2025-11-02T21:12:31+08:00,任务主体流程循环,功能实现,"完成Rust CLI与交互式助手实现，运行cargo test验证通过"
2025-11-02T21:12:31+08:00,任务主体流程循环,集成验证,"cargo test 全量通过，涵盖核心库Mock用例与CLI构建"
2025-11-02T21:18:31+08:00,验证结果,静态检查,"执行 cargo clippy --all-targets --all-features -D warnings，确认无警告"
2025-11-02T21:21:40+08:00,文档更新,说明同步,"更新 CHANGELOG、README 与 Windows 指引，补充优化任务执行结果"
2025-11-02T21:22:59+08:00,收尾,状态核对,"重置 now-task.md，确认仓库 clean 并准备交付总结"
